<?xml version="1.0" encoding="UTF-8"?><!--
        *** GENERATED FROM jax-ws.xml - DO NOT EDIT !                             ***
        *** TO MODIFY wsimport options USE Web Service node -> Edit WS Attributes ***
        *** TO CHANGE TARGETS GENERATED TO jaxws-build.xml COPY THOSE             ***
        *** TARGETS TO ../build.xml AND MODIFY THAT FILE INSTEAD                  ***

        --><project xmlns:xalan="http://xml.apache.org/xslt" xmlns:webproject2="http://www.netbeans.org/ns/web-project/2" xmlns:jaxws="http://www.netbeans.org/ns/jax-ws/1">
    <!--
                ===================
                JAX-WS WSGEN SECTION
                ===================
            -->
    <!--
                ===================
                JAX-WS WSIMPORT SECTION
                ===================
            -->
    <target name="wsimport-init" depends="init">
        <fail if="${wsimport.bad.version}" message="WsImport ant task defined in the classpath ${j2ee.platform.wsimport.classpath} has a serious bug. See http://wiki.netbeans.org/MetroIssue for details."/>
        <mkdir dir="${build.generated.sources.dir}/jax-ws"/>
        <property name="j2ee.platform.wsimport.classpath" value="${libs.jaxws21.classpath}"/>
        <taskdef name="wsimport" classname="com.sun.tools.ws.ant.WsImport">
            <classpath path="${java.home}/../lib/tools.jar:${j2ee.platform.wsimport.classpath}:${javac.classpath}"/>
        </taskdef>
        <condition property="conf-dir" value="${conf.dir}/" else="">
            <isset property="conf.dir"/>
        </condition>
    </target>
    <target name="wsimport-client-WebServiceCalculator" depends="wsimport-init">
        <mkdir dir="${build.generated.dir}/jax-wsCache/WebServiceCalculator"/>
        <wsimport sourcedestdir="${build.generated.dir}/jax-wsCache/WebServiceCalculator" destdir="${build.generated.dir}/jax-wsCache/WebServiceCalculator" wsdl="${basedir}/${conf-dir}xml-resources/web-service-references/WebServiceCalculator/wsdl/localhost_8080/WebServiceCalculator/WebServiceCalculator.wsdl" catalog="catalog.xml" encoding="${source.encoding}" extension="true" verbose="true" fork="false" wsdlLocation="http://localhost:8080/WebServiceCalculator/WebServiceCalculator?wsdl" xnocompile="true" xendorsed="true">
            <depends file="${basedir}/${conf-dir}xml-resources/web-service-references/WebServiceCalculator/wsdl/localhost_8080/WebServiceCalculator/WebServiceCalculator.wsdl"/>
            <produces dir="${build.generated.dir}/jax-wsCache/WebServiceCalculator"/>
        </wsimport>
        <copy todir="${build.generated.sources.dir}/jax-ws">
            <fileset dir="${build.generated.dir}/jax-wsCache/WebServiceCalculator">
                <include name="**/*.java"/>
            </fileset>
        </copy>
    </target>
    <target name="wsimport-client-clean-WebServiceCalculator" depends="-init-project">
        <delete dir="${build.generated.sources.dir}/jax-ws/services"/>
        <delete dir="${build.generated.dir}/jax-wsCache/WebServiceCalculator"/>
    </target>
    <target name="wsimport-client-WebserviceDecimalToBinary" depends="wsimport-init">
        <mkdir dir="${build.generated.dir}/jax-wsCache/WebserviceDecimalToBinary"/>
        <wsimport sourcedestdir="${build.generated.dir}/jax-wsCache/WebserviceDecimalToBinary" destdir="${build.generated.dir}/jax-wsCache/WebserviceDecimalToBinary" wsdl="${basedir}/${conf-dir}xml-resources/web-service-references/WebserviceDecimalToBinary/wsdl/localhost_8080/DecimalToBinary/WebserviceDecimalToBinary.wsdl" catalog="catalog.xml" encoding="${source.encoding}" extension="true" verbose="true" fork="false" wsdlLocation="http://localhost:8080/DecimalToBinary/WebserviceDecimalToBinary?wsdl" xnocompile="true" xendorsed="true">
            <depends file="${basedir}/${conf-dir}xml-resources/web-service-references/WebserviceDecimalToBinary/wsdl/localhost_8080/DecimalToBinary/WebserviceDecimalToBinary.wsdl"/>
            <produces dir="${build.generated.dir}/jax-wsCache/WebserviceDecimalToBinary"/>
        </wsimport>
        <copy todir="${build.generated.sources.dir}/jax-ws">
            <fileset dir="${build.generated.dir}/jax-wsCache/WebserviceDecimalToBinary">
                <include name="**/*.java"/>
            </fileset>
        </copy>
    </target>
    <target name="wsimport-client-clean-WebserviceDecimalToBinary" depends="-init-project">
        <delete dir="${build.generated.sources.dir}/jax-ws/webservicedecimaltobinary"/>
        <delete dir="${build.generated.dir}/jax-wsCache/WebserviceDecimalToBinary"/>
    </target>
    <target name="wsimport-client-Converter" depends="wsimport-init">
        <mkdir dir="${build.generated.dir}/jax-wsCache/Converter"/>
        <wsimport sourcedestdir="${build.generated.dir}/jax-wsCache/Converter" destdir="${build.generated.dir}/jax-wsCache/Converter" wsdl="${basedir}/${conf-dir}xml-resources/web-service-references/Converter/wsdl/ws.docencia.ces.siani.es/a37/UnitConverter/Converter.wsdl" catalog="catalog.xml" encoding="${source.encoding}" extension="true" verbose="true" fork="false" wsdlLocation="http://ws.docencia.ces.siani.es/a37/UnitConverter/Converter?WSDL" xnocompile="true" xendorsed="true">
            <depends file="${basedir}/${conf-dir}xml-resources/web-service-references/Converter/wsdl/ws.docencia.ces.siani.es/a37/UnitConverter/Converter.wsdl"/>
            <produces dir="${build.generated.dir}/jax-wsCache/Converter"/>
        </wsimport>
        <copy todir="${build.generated.sources.dir}/jax-ws">
            <fileset dir="${build.generated.dir}/jax-wsCache/Converter">
                <include name="**/*.java"/>
            </fileset>
        </copy>
    </target>
    <target name="wsimport-client-clean-Converter" depends="-init-project">
        <delete dir="${build.generated.sources.dir}/jax-ws/unitconverter"/>
        <delete dir="${build.generated.dir}/jax-wsCache/Converter"/>
    </target>
    <target name="wsimport-client-generate" depends="wsimport-client-WebServiceCalculator, wsimport-client-WebserviceDecimalToBinary, wsimport-client-Converter"/>
</project>
